{"classification_metrics": {"validation:auc": {"value": 0.8218406316371057}, "train:auc": {"value": 0.9405190344815983}}}